{
  "generatedAt": "2026-05-10T14:41:53.299Z",
  "dataset": {
    "totalEntries": 141,
    "successfulPayloads": 88,
    "failedPayloads": 53
  },
  "byFeature": {
    "energy_score_v1": {
      "featureName": "energy_score_v1",
      "count": 88,
      "missing": 0,
      "min": 0.15575258067174524,
      "max": 0.9599871473586996,
      "mean": 0.546755,
      "median": 0.571049,
      "std": 0.169399,
      "p05": 0.233083,
      "p25": 0.429924,
      "p50": 0.571049,
      "p75": 0.646654,
      "p95": 0.812727,
      "uniqueValues": 88,
      "possibleCollapse": false
    },
    "brightness_score_v1": {
      "featureName": "brightness_score_v1",
      "count": 88,
      "missing": 0,
      "min": 0.047971843130897474,
      "max": 0.9881699436431057,
      "mean": 0.444686,
      "median": 0.435026,
      "std": 0.17921,
      "p05": 0.189845,
      "p25": 0.328142,
      "p50": 0.435026,
      "p75": 0.563262,
      "p95": 0.691257,
      "uniqueValues": 88,
      "possibleCollapse": false
    },
    "pulse_score_v1": {
      "featureName": "pulse_score_v1",
      "count": 88,
      "missing": 0,
      "min": 0.0764032074507497,
      "max": 0.9263731518457089,
      "mean": 0.576929,
      "median": 0.604803,
      "std": 0.200464,
      "p05": 0.214115,
      "p25": 0.449221,
      "p50": 0.604803,
      "p75": 0.724702,
      "p95": 0.862151,
      "uniqueValues": 88,
      "possibleCollapse": false
    },
    "vocal_presence_score_v1": {
      "featureName": "vocal_presence_score_v1",
      "count": 88,
      "missing": 0,
      "min": 0.0025353196251223947,
      "max": 0.6404192579447482,
      "mean": 0.198369,
      "median": 0.138916,
      "std": 0.157069,
      "p05": 0.039947,
      "p25": 0.075538,
      "p50": 0.138916,
      "p75": 0.297342,
      "p95": 0.490709,
      "uniqueValues": 88,
      "possibleCollapse": false
    },
    "density_score_v1": {
      "featureName": "density_score_v1",
      "count": 88,
      "missing": 0,
      "min": 0.17285502111499784,
      "max": 0.6803994038188715,
      "mean": 0.413642,
      "median": 0.403669,
      "std": 0.106693,
      "p05": 0.259849,
      "p25": 0.344419,
      "p50": 0.403669,
      "p75": 0.472932,
      "p95": 0.612755,
      "uniqueValues": 88,
      "possibleCollapse": false
    }
  }
}
