{
  "generatedAt": "2026-05-10T15:05:21.911Z",
  "dataset": {
    "totalEntries": 209,
    "successfulPayloads": 140,
    "failedPayloads": 69
  },
  "byFeature": {
    "energy_score_v1": {
      "featureName": "energy_score_v1",
      "count": 140,
      "missing": 0,
      "min": 0.03584254678229344,
      "max": 0.9227192437180619,
      "mean": 0.569939,
      "median": 0.59826,
      "std": 0.162686,
      "p05": 0.286412,
      "p25": 0.478283,
      "p50": 0.59826,
      "p75": 0.675821,
      "p95": 0.805199,
      "uniqueValues": 140,
      "possibleCollapse": false
    },
    "brightness_score_v1": {
      "featureName": "brightness_score_v1",
      "count": 140,
      "missing": 0,
      "min": 0.04761709813469831,
      "max": 0.9351174586982007,
      "mean": 0.429923,
      "median": 0.420063,
      "std": 0.163572,
      "p05": 0.19384,
      "p25": 0.320067,
      "p50": 0.420063,
      "p75": 0.533085,
      "p95": 0.663891,
      "uniqueValues": 140,
      "possibleCollapse": false
    },
    "pulse_score_v1": {
      "featureName": "pulse_score_v1",
      "count": 140,
      "missing": 0,
      "min": 0.08514276219757343,
      "max": 0.900070715261417,
      "mean": 0.597898,
      "median": 0.631402,
      "std": 0.182337,
      "p05": 0.287279,
      "p25": 0.475604,
      "p50": 0.631402,
      "p75": 0.735475,
      "p95": 0.85164,
      "uniqueValues": 140,
      "possibleCollapse": false
    },
    "vocal_presence_score_v1": {
      "featureName": "vocal_presence_score_v1",
      "count": 140,
      "missing": 0,
      "min": 0.0025353196251223947,
      "max": 0.624559719629145,
      "mean": 0.196601,
      "median": 0.141076,
      "std": 0.154702,
      "p05": 0.03846,
      "p25": 0.074589,
      "p50": 0.141076,
      "p75": 0.307611,
      "p95": 0.508582,
      "uniqueValues": 140,
      "possibleCollapse": false
    },
    "density_score_v1": {
      "featureName": "density_score_v1",
      "count": 140,
      "missing": 0,
      "min": 0.17357345377233022,
      "max": 0.6514327175561492,
      "mean": 0.399457,
      "median": 0.388498,
      "std": 0.096816,
      "p05": 0.250562,
      "p25": 0.337041,
      "p50": 0.388498,
      "p75": 0.462322,
      "p95": 0.571644,
      "uniqueValues": 140,
      "possibleCollapse": false
    }
  }
}
